City_ID,City,Country,Date,Lat,Lng,Max Temp,Humidity,Cloudiness,Wind Speed
0,Atuona,PF,2022-07-26 13:50:16,-9.8,-139.0333,77.07,72,3,16.2
1,Lorengau,PG,2022-07-26 13:50:17,-2.0226,147.2712,81.57,79,100,9.62
2,Mount Gambier,AU,2022-07-26 13:50:17,-37.8333,140.7667,50.7,89,40,9.06
3,Puerto Ayora,EC,2022-07-26 13:50:17,-0.7393,-90.3518,68.56,98,100,5.99
4,Yar-Sale,RU,2022-07-26 13:50:18,66.8333,70.8333,50.29,81,99,17.6
5,Ostrovnoy,RU,2022-07-26 13:50:18,68.0531,39.5131,65.39,60,100,21.09
6,Nikolskoye,RU,2022-07-26 13:50:19,59.7035,30.7861,85.87,36,24,8.21
7,Salalah,OM,2022-07-26 13:50:19,17.0151,54.0924,76.42,96,100,7.94
8,Waingapu,ID,2022-07-26 13:50:19,-9.6567,120.2641,73.49,81,17,9.22
9,Tiksi,RU,2022-07-26 13:50:20,71.6872,128.8694,50.74,88,45,2.44
10,Sobolevo,RU,2022-07-26 13:50:20,54.4299,31.8996,73.8,66,78,0.87
11,Faanui,PF,2022-07-26 13:50:21,-16.4833,-151.75,76.39,76,100,3.2
12,Kalmunai,LK,2022-07-26 13:50:21,7.4167,81.8167,80.78,80,87,6.02
13,Albany,US,2022-07-26 13:47:30,42.6001,-73.9662,71.37,64,78,5.08
14,Vaini,TO,2022-07-26 13:50:21,-21.2,-175.2,73.56,88,75,10.36
15,Saskylakh,RU,2022-07-26 13:50:22,71.9167,114.0833,70.59,59,16,1.66
16,Rikitea,PF,2022-07-26 13:47:46,-23.1203,-134.9692,74.91,75,100,12.12
17,Emba,KZ,2022-07-26 13:50:22,48.8264,58.1442,76.84,43,70,13.82
18,Chokurdakh,RU,2022-07-26 13:50:23,70.6333,147.9167,41.38,71,100,11.3
19,Valandovo,MK,2022-07-26 13:50:23,41.3169,22.5611,99.5,21,0,12.57
20,Taoudenni,ML,2022-07-26 13:50:23,22.6783,-3.9836,113.61,7,4,15.37
21,Dingle,PH,2022-07-26 13:50:24,10.9995,122.6711,77.59,90,72,3.4
22,Hilo,US,2022-07-26 13:45:37,19.7297,-155.09,74.28,96,100,6.91
23,Mitu,CO,2022-07-26 13:50:24,1.1983,-70.1733,81.64,68,75,2.04
24,Portland,US,2022-07-26 13:46:08,45.5234,-122.6762,72.39,78,0,0.0
25,Arraial Do Cabo,BR,2022-07-26 13:50:25,-22.9661,-42.0278,76.96,73,40,14.97
26,Ancud,CL,2022-07-26 13:50:25,-41.8697,-73.8203,49.23,89,100,9.35
27,Tuktoyaktuk,CA,2022-07-26 13:50:26,69.4541,-133.0374,60.8,72,100,14.97
28,Gairatganj,IN,2022-07-26 13:50:26,23.4202,78.2385,74.79,93,100,4.34
29,Urumqi,CN,2022-07-26 13:50:26,43.801,87.6005,85.15,19,0,4.47
30,Hofn,IS,2022-07-26 13:50:27,64.2539,-15.2082,51.55,91,99,5.28
31,Bluff,NZ,2022-07-26 13:50:27,-46.6,168.3333,44.8,90,100,25.23
32,Chuy,UY,2022-07-26 13:50:28,-33.6971,-53.4616,62.6,91,100,7.85
33,Geraldton,AU,2022-07-26 13:50:28,-28.7667,114.6,46.81,87,0,8.05
34,Dunedin,NZ,2022-07-26 13:50:29,-45.8742,170.5036,45.86,95,100,15.48
35,Cockburn Town,TC,2022-07-26 13:50:29,21.4612,-71.1419,82.44,79,17,17.69
36,Busselton,AU,2022-07-26 13:50:20,-33.65,115.3333,52.3,73,36,7.76
37,Abha,SA,2022-07-26 13:50:29,18.2164,42.5053,78.62,53,40,6.91
38,Mataura,NZ,2022-07-26 13:50:30,-46.1927,168.8643,44.47,97,100,8.61
39,Punta Arenas,CL,2022-07-26 13:50:30,-53.15,-70.9167,32.02,86,75,10.36
40,Waddan,LY,2022-07-26 13:50:31,29.1614,16.139,97.77,12,1,7.67
41,Saldanha,ZA,2022-07-26 13:50:31,-33.0117,17.9442,59.05,77,52,5.66
42,Muros,ES,2022-07-26 13:50:31,42.7762,-9.0603,80.69,55,0,15.5
43,Morant Bay,JM,2022-07-26 13:50:32,17.8815,-76.4093,80.22,73,7,14.25
44,Hobart,AU,2022-07-26 13:50:31,-42.8794,147.3294,49.26,91,75,5.75
45,Derzhavinsk,KZ,2022-07-26 13:50:32,51.1,66.3167,80.47,34,92,16.8
46,Medea,DZ,2022-07-26 13:50:33,36.2642,2.7539,97.57,14,6,10.58
47,Papagaios,BR,2022-07-26 13:51:33,-19.4492,-44.7478,75.7,39,0,5.1
48,Ibipeba,BR,2022-07-26 13:51:34,-11.6408,-42.0111,74.75,48,100,11.52
49,Cape Town,ZA,2022-07-26 13:51:34,-33.9258,18.4232,68.11,47,0,12.66
50,Barrow,US,2022-07-26 13:51:34,71.2906,-156.7887,35.62,93,100,21.85
51,Thompson,CA,2022-07-26 13:51:35,55.7435,-97.8558,57.36,94,75,3.44
52,Cao Bang,VN,2022-07-26 13:51:35,22.6667,106.25,78.39,83,0,3.2
53,Vryheid,ZA,2022-07-26 13:51:36,-27.7695,30.7917,70.2,14,0,1.68
54,Hermanus,ZA,2022-07-26 13:50:02,-34.4187,19.2345,63.81,65,52,7.29
55,Tamala,RU,2022-07-26 13:51:36,52.541,43.2515,80.47,50,46,8.63
56,Souillac,MU,2022-07-26 13:51:37,-20.5167,57.5167,73.78,73,40,11.5
57,Ushuaia,AR,2022-07-26 13:51:37,-54.8,-68.3,37.02,64,20,6.91
58,Kaitangata,NZ,2022-07-26 13:51:37,-46.2817,169.8464,45.32,95,100,14.5
59,Mabaruma,GY,2022-07-26 13:51:38,8.2,-59.7833,86.72,59,93,4.07
60,Upernavik,GL,2022-07-26 13:51:38,72.7868,-56.1549,36.63,94,95,10.58
61,Mayo,US,2022-07-26 13:48:01,38.8876,-76.5119,79.21,82,100,1.99
62,Jamestown,US,2022-07-26 13:47:02,42.097,-79.2353,71.51,86,0,4.0
63,Butaritari,KI,2022-07-26 13:51:39,3.0707,172.7902,81.91,72,78,18.1
64,Klaksvik,FO,2022-07-26 13:51:39,62.2266,-6.589,54.52,83,100,11.41
65,Kodiak,US,2022-07-26 13:51:40,57.79,-152.4072,44.11,70,0,0.0
66,Carolina,PR,2022-07-26 13:51:40,18.3808,-65.9574,87.73,73,40,13.8
67,Sitka,US,2022-07-26 13:51:41,57.0531,-135.33,57.09,94,100,4.61
68,Tasiilaq,GL,2022-07-26 13:51:41,65.6145,-37.6368,37.8,92,100,5.3
69,Sorland,NO,2022-07-26 13:51:42,67.667,12.6934,53.46,93,100,28.81
70,Sisimiut,GL,2022-07-26 13:51:42,66.9395,-53.6735,42.94,87,99,9.93
71,East London,ZA,2022-07-26 13:51:42,-33.0153,27.9116,68.94,56,0,9.22
72,Bandarbeyla,SO,2022-07-26 13:51:43,9.4942,50.8122,81.82,61,76,30.71
73,Ariquemes,BR,2022-07-26 13:47:24,-9.9133,-63.0408,89.53,30,50,3.0
74,Westport,US,2022-07-26 13:51:43,41.1415,-73.3579,77.76,56,0,6.91
75,Bilibino,RU,2022-07-26 13:51:44,68.0546,166.4372,35.35,85,87,7.78
76,Saint-Philippe,RE,2022-07-26 13:51:44,-21.3585,55.7679,72.99,82,53,9.82
77,Pisco,PE,2022-07-26 13:50:25,-13.7,-76.2167,60.85,88,100,0.0
78,New Norfolk,AU,2022-07-26 13:51:45,-42.7826,147.0587,48.92,84,100,3.11
79,Stony Plain,CA,2022-07-26 13:49:00,53.5334,-114.0021,61.79,84,75,5.75
80,Mehamn,NO,2022-07-26 13:51:45,71.0357,27.8492,62.49,77,59,5.82
81,Riverton,US,2022-07-26 13:49:07,40.5219,-111.9391,78.64,47,0,7.0
82,Fortuna,US,2022-07-26 13:51:16,40.5982,-124.1573,54.93,91,61,0.92
83,Severo-Kurilsk,RU,2022-07-26 13:51:46,50.6789,156.125,52.03,86,100,5.59
84,Ixtapa,MX,2022-07-26 13:51:46,20.7,-105.2,79.23,88,100,2.39
85,Galle,LK,2022-07-26 13:51:47,6.0367,80.217,78.76,89,100,8.57
86,Hovd,MN,2022-07-26 13:51:47,48.0056,91.6419,66.63,32,50,2.3
87,Canutama,BR,2022-07-26 13:51:47,-6.5339,-64.3831,89.58,38,20,2.84
88,Tumaco,CO,2022-07-26 13:51:48,1.7986,-78.8156,76.48,88,81,3.06
89,Port Alfred,ZA,2022-07-26 13:51:48,-33.5906,26.891,70.95,42,1,15.14
90,Bengkulu,ID,2022-07-26 13:51:49,-3.8004,102.2655,77.85,84,100,3.18
91,Qaanaaq,GL,2022-07-26 13:52:49,77.484,-69.3632,42.1,62,3,2.06
92,Airai,TL,2022-07-26 13:52:50,-8.9266,125.4092,54.64,72,43,3.47
93,Requena,ES,2022-07-26 13:52:50,39.4883,-1.1004,82.8,19,0,7.63
94,Cabo San Lucas,MX,2022-07-26 13:48:07,22.8909,-109.9124,81.61,75,67,6.78
95,Meulaboh,ID,2022-07-26 13:52:51,4.1363,96.1285,77.16,86,100,3.02
96,Ribeira Grande,PT,2022-07-26 13:52:51,38.5167,-28.7,77.4,83,40,9.22
97,Hami,CN,2022-07-26 13:52:51,42.8,93.45,89.82,10,2,12.19
98,Kawalu,ID,2022-07-26 13:48:52,-7.3817,108.2082,67.35,95,50,0.74
99,Vestmannaeyjar,IS,2022-07-26 13:52:52,63.4427,-20.2734,52.65,91,100,13.56
100,Saint-Pierre,RE,2022-07-26 13:52:52,-21.3393,55.4781,73.08,71,100,8.05
101,Cidreira,BR,2022-07-26 13:52:53,-30.1811,-50.2056,65.21,82,2,12.84
102,Kokopo,PG,2022-07-26 13:52:53,-4.352,152.2633,77.56,85,100,1.57
103,Puerto Ayacucho,VE,2022-07-26 13:52:54,5.6639,-67.6236,80.2,75,72,2.84
104,Victoria,HK,2022-07-26 13:51:40,22.2855,114.1577,87.85,75,41,4.0
105,Verkhnevilyuysk,RU,2022-07-26 13:52:54,63.4453,120.3167,71.92,74,16,6.31
106,Kapaa,US,2022-07-26 13:52:55,22.0752,-159.319,79.12,87,100,16.11
107,Brownwood,US,2022-07-26 13:52:55,31.7093,-98.9912,81.97,63,0,12.8
108,Mahebourg,MU,2022-07-26 13:52:55,-20.4081,57.7,73.69,73,40,11.5
109,Pyu,MM,2022-07-26 13:52:56,18.4833,96.4333,79.41,86,100,0.94
110,Lebu,CL,2022-07-26 13:52:56,-37.6167,-73.65,52.77,83,19,17.92
111,Santa Cruz,BO,2022-07-26 13:52:56,-17.8,-63.1667,78.85,78,20,13.8
112,San Cristobal,VE,2022-07-26 13:52:57,7.7669,-72.225,69.98,57,75,3.96
113,Ilulissat,GL,2022-07-26 13:52:57,69.2167,-51.1,38.01,95,100,2.66
114,Aklavik,CA,2022-07-26 13:52:58,68.2191,-135.0107,63.52,61,100,7.16
115,Hundorp,NO,2022-07-26 13:52:58,61.5552,9.9407,56.52,93,100,4.76
116,Coquimbo,CL,2022-07-26 13:52:58,-29.9533,-71.3436,49.73,93,20,8.05
117,Poya,NC,2022-07-26 13:52:59,-21.35,165.15,67.42,82,1,5.32
118,Haines Junction,CA,2022-07-26 13:52:59,60.7522,-137.5108,58.95,67,86,4.61
119,Port-Gentil,GA,2022-07-26 13:53:00,-0.7193,8.7815,78.76,73,100,12.66
120,Santa Marta,CO,2022-07-26 13:48:11,11.2408,-74.199,80.65,89,75,9.22
121,Castro,BR,2022-07-26 13:53:00,-24.7911,-50.0119,69.28,53,0,4.18
122,Roald,NO,2022-07-26 13:53:01,62.5833,6.1333,60.17,94,75,11.5
123,Cayenne,GF,2022-07-26 13:53:01,4.9333,-52.3333,87.84,18,20,4.61
124,Stratford-Upon-Avon,GB,2022-07-26 13:51:08,52.1917,-1.7073,69.57,61,97,3.87
125,Dalbandin,PK,2022-07-26 13:53:02,28.8947,64.4101,91.81,44,78,12.26
126,Luderitz,NA,2022-07-26 13:53:02,-26.6481,15.1594,57.94,69,31,11.7
127,Pag,HR,2022-07-26 13:53:02,44.445,15.0575,95.58,59,6,4.61
128,Dogondoutchi,NE,2022-07-26 13:53:03,13.6393,4.0287,95.11,41,100,16.13
129,Gamba,GA,2022-07-26 13:53:03,-2.65,10.0,77.61,65,93,10.18
130,Norman Wells,CA,2022-07-26 13:48:43,65.282,-126.8329,53.64,82,75,3.44
131,Cam Ranh,VN,2022-07-26 13:53:04,11.9214,109.1591,82.36,78,20,1.14
132,Linxia,CN,2022-07-26 13:53:04,35.6003,103.2064,63.77,78,32,1.45
133,Ahipara,NZ,2022-07-26 13:53:05,-35.1667,173.1667,55.74,80,99,18.79
134,Clyde River,CA,2022-07-26 13:53:05,70.4692,-68.5914,43.03,87,20,10.36
135,Pratapgarh,IN,2022-07-26 13:53:05,24.0333,74.7833,72.54,94,98,10.07
136,Melfi,IT,2022-07-26 13:54:06,40.9965,15.6514,93.49,23,52,6.15
137,Calbuco,CL,2022-07-26 13:54:06,-41.768,-73.1273,49.21,81,100,9.8
138,Katsuura,JP,2022-07-26 13:54:07,35.1333,140.3,79.52,93,99,14.32
139,Yellowknife,CA,2022-07-26 13:54:07,62.456,-114.3525,55.92,82,20,5.75
140,Provideniya,RU,2022-07-26 13:54:08,64.3833,-173.3,41.11,79,98,6.64
141,Alenquer,BR,2022-07-26 13:54:08,-1.9417,-54.7383,85.44,63,52,3.53
142,Khandyga,RU,2022-07-26 13:54:08,62.6667,135.6,62.89,76,17,3.24
143,Paciran,ID,2022-07-26 13:54:09,-6.8767,112.3761,78.44,74,94,4.61
144,San Quintin,MX,2022-07-26 13:54:09,30.4833,-115.95,66.25,85,68,5.86
145,Zarichne,UA,2022-07-26 13:54:10,51.8126,26.129,81.45,34,4,5.21
146,Coihaique,CL,2022-07-26 13:49:19,-45.5752,-72.0662,31.95,74,100,5.75
147,Tessalit,ML,2022-07-26 13:54:10,20.1986,1.0114,106.16,5,3,5.93
148,Viedma,AR,2022-07-26 13:54:11,-40.8135,-62.9967,49.26,97,100,9.19
149,Kilindoni,TZ,2022-07-26 13:54:11,-7.9139,39.6668,76.08,75,90,18.88
150,Elko,US,2022-07-26 13:54:11,41.0002,-115.5012,59.02,21,16,1.34
151,Kibara,TZ,2022-07-26 13:54:12,-2.15,33.45,81.64,42,95,10.65
152,Luena,AO,2022-07-26 13:54:12,-11.7833,19.9167,82.33,15,5,8.63
153,Flinders,AU,2022-07-26 13:54:12,-34.5833,150.8552,53.19,68,13,11.01
154,Masindi,UG,2022-07-26 13:54:13,1.6744,31.715,77.43,42,100,7.85
155,Berezovyy,RU,2022-07-26 13:54:13,51.6667,135.7,62.38,85,100,2.15
156,Lata,PT,2022-07-26 13:54:14,40.1629,-8.3327,83.48,47,0,14.0
157,Port Augusta,AU,2022-07-26 13:54:14,-32.5,137.7667,44.64,78,11,1.7
158,Quang Ngai,VN,2022-07-26 13:54:14,15.1167,108.8,78.8,82,56,4.94
159,Baykit,RU,2022-07-26 13:54:15,61.67,96.37,60.76,96,100,5.82
160,Blyth,GB,2022-07-26 13:54:15,55.1271,-1.5086,67.08,59,91,1.01
161,Kudat,MY,2022-07-26 13:54:16,6.8837,116.8477,80.53,89,20,8.05
162,Koroni,GR,2022-07-26 13:54:16,36.8,21.95,92.07,59,0,8.63
163,Bethel,US,2022-07-26 13:54:16,41.3712,-73.414,76.91,62,100,4.0
164,Iquique,CL,2022-07-26 13:54:17,-20.2208,-70.1431,57.24,65,23,6.76
165,Esil,KZ,2022-07-26 13:54:17,51.9556,66.4042,73.09,58,100,12.57
166,Esperance,AU,2022-07-26 13:54:18,-33.8667,121.9,58.71,67,99,10.74
167,West Wendover,US,2022-07-26 13:54:18,40.7391,-114.0733,70.81,26,0,0.0
168,Praia Da Vitoria,PT,2022-07-26 13:54:19,38.7333,-27.0667,79.75,83,40,3.42
169,Vostok,RU,2022-07-26 13:54:19,46.4856,135.8833,61.7,95,2,2.37
170,Khatanga,RU,2022-07-26 13:52:23,71.9667,102.5,73.11,48,100,4.05
171,Xichang,CN,2022-07-26 13:54:20,27.8964,102.2634,68.47,90,100,3.69
172,Bubaque,GW,2022-07-26 13:54:20,11.2833,-15.8333,79.92,79,21,13.38
173,Kavieng,PG,2022-07-26 13:54:20,-2.5744,150.7967,83.08,73,100,13.11
174,Xinxiang,CN,2022-07-26 13:54:21,35.3089,113.8672,80.94,71,1,6.46
175,Paamiut,GL,2022-07-26 13:54:21,61.994,-49.6678,42.55,91,43,11.5
176,Avarua,CK,2022-07-26 13:54:22,-21.2078,-159.775,69.85,73,75,9.22
177,Hasaki,JP,2022-07-26 13:54:22,35.7333,140.8333,79.29,92,100,17.31
178,Dehui,CN,2022-07-26 13:54:22,44.5333,125.7,73.27,95,50,7.23
179,Banff,CA,2022-07-26 13:54:23,51.1762,-115.5698,57.78,82,32,1.14
180,Carnarvon,AU,2022-07-26 13:53:08,-24.8667,113.6333,65.91,57,0,14.74
181,Dolores,AR,2022-07-26 13:54:23,-36.3132,-57.6792,58.8,97,100,5.77
182,Alofi,NU,2022-07-26 13:55:24,-19.0595,-169.9187,62.49,94,18,2.3
183,Wilkes-Barre,US,2022-07-26 13:54:22,41.2459,-75.8813,73.65,71,100,1.01
184,Nehe,CN,2022-07-26 13:55:25,48.4833,124.8333,71.65,86,99,9.13
185,Tautira,PF,2022-07-26 13:55:25,-17.7333,-149.15,72.7,86,100,4.52
186,Bambous Virieux,MU,2022-07-26 13:55:25,-20.3428,57.7575,73.65,73,40,11.5
187,Zonguldak,TR,2022-07-26 13:55:26,41.25,31.8333,77.25,47,1,8.48
188,Brownsville,US,2022-07-26 13:55:26,25.9018,-97.4975,85.91,83,15,1.01
189,Gerstetten,DE,2022-07-26 13:55:27,48.6333,10.0333,80.8,43,1,13.94
190,Honiara,SB,2022-07-26 13:50:43,-9.4333,159.95,77.31,85,37,4.52
191,Frunze,UA,2022-07-26 13:55:27,48.6686,38.7544,77.54,51,100,4.45
192,Varadero,CU,2022-07-26 13:51:54,23.1536,-81.2514,81.88,79,42,12.24
193,Safaga,EG,2022-07-26 13:55:28,26.7292,33.9365,87.62,51,0,5.06
194,Coahuayana,MX,2022-07-26 13:55:28,18.7333,-103.6833,77.58,91,39,3.87
195,Pumiao,CN,2022-07-26 13:55:29,22.75,108.4833,86.4,80,6,9.69
196,Naze,JP,2022-07-26 13:55:29,28.3667,129.4833,81.52,76,22,6.44
197,Cairns,AU,2022-07-26 13:55:13,-16.9167,145.7667,69.75,85,40,11.5
198,Kuandian,CN,2022-07-26 13:50:48,40.7286,124.7847,71.47,93,100,1.28
199,Akyab,MM,2022-07-26 13:55:30,20.15,92.9,83.75,75,22,5.23
200,Te Anau,NZ,2022-07-26 13:55:30,-45.4167,167.7167,42.33,98,100,3.94
201,Hithadhoo,MV,2022-07-26 13:55:31,-0.6,73.0833,83.26,75,86,12.55
202,Biltine,TD,2022-07-26 13:55:31,14.5333,20.9167,95.77,32,99,9.69
203,Itoman,JP,2022-07-26 13:55:32,26.1247,127.6694,81.37,86,75,6.91
204,Aksu,CN,2022-07-26 13:55:32,41.1231,80.2644,94.75,17,0,7.38
205,Guerrero Negro,MX,2022-07-26 13:55:32,27.9769,-114.0611,68.49,82,100,4.61
206,Ndende,GA,2022-07-26 13:55:33,-2.4008,11.3581,89.83,40,86,4.9
207,Pervomaysk,UA,2022-07-26 13:55:33,48.0443,30.8507,87.21,24,41,8.21
208,Broome,US,2022-07-26 13:55:34,42.2506,-75.833,70.47,73,100,1.01
209,Soria,ES,2022-07-26 13:55:34,41.6667,-2.6667,92.1,29,0,10.63
210,Butembo,CD,2022-07-26 13:55:35,0.15,29.2833,68.9,67,98,1.59
211,Acapulco,MX,2022-07-26 13:55:03,16.8634,-99.8901,80.19,69,99,2.13
212,Bastia,FR,2022-07-26 13:55:35,42.6667,9.3333,94.8,73,20,12.66
213,Port Hardy,CA,2022-07-26 13:55:35,50.6996,-127.4199,55.58,100,100,5.75
214,Pa Sang,TH,2022-07-26 13:55:36,18.5262,98.9394,84.4,79,15,2.39
215,Rawson,AR,2022-07-26 13:51:42,-43.3002,-65.1023,46.69,100,100,2.3
216,Vila Velha,BR,2022-07-26 13:53:52,-20.3297,-40.2925,78.75,75,40,2.3
217,Celestun,MX,2022-07-26 13:55:36,20.8667,-90.4,80.82,75,98,8.9
218,Nantucket,US,2022-07-26 13:55:37,41.2835,-70.0995,80.02,80,3,7.52
219,Trincomalee,LK,2022-07-26 13:55:37,8.5711,81.2335,82.24,78,80,9.69
220,Road Town,VG,2022-07-26 13:55:38,18.4167,-64.6167,82.44,78,20,11.5
221,Hit,IQ,2022-07-26 13:55:38,33.6416,42.8251,107.69,7,0,14.92
222,Alyangula,AU,2022-07-26 13:55:39,-13.8483,136.4192,68.72,87,2,10.0
223,Jaguaruna,BR,2022-07-26 13:55:39,-28.615,-49.0256,70.09,67,0,7.31
224,Half Moon Bay,US,2022-07-26 13:56:39,37.4636,-122.4286,62.62,89,100,6.91
225,Matara,LK,2022-07-26 13:56:27,5.9485,80.5353,77.16,91,100,4.68
226,Touros,BR,2022-07-26 13:56:40,-5.1989,-35.4608,82.15,60,98,16.91
227,Port Elizabeth,ZA,2022-07-26 13:56:40,-33.918,25.5701,79.11,58,0,12.66
228,Vincennes,FR,2022-07-26 13:56:41,48.85,2.4333,74.71,49,100,8.05
229,Boma,GH,2022-07-26 13:56:41,7.0805,-2.1697,72.5,97,100,3.96
230,Armidale,AU,2022-07-26 13:56:42,-30.5167,151.65,35.29,78,15,14.94
231,Taltal,CL,2022-07-26 13:56:42,-25.4,-70.4833,61.65,67,5,3.6
232,Pangnirtung,CA,2022-07-26 13:56:43,66.1451,-65.7125,41.0,93,75,11.5
233,Qasigiannguit,GL,2022-07-26 13:56:43,68.8193,-51.1922,37.94,98,100,1.79
234,Mudu,CN,2022-07-26 13:56:43,31.252,120.5118,80.19,89,100,5.86
235,Kamenka,RU,2022-07-26 13:56:44,51.3223,42.7678,78.26,56,84,4.45
236,Pokhara,NP,2022-07-26 13:54:24,28.2333,83.9833,72.57,93,98,1.95
237,Longyearbyen,SJ,2022-07-26 13:56:44,78.2186,15.6401,49.84,76,75,11.5
238,San Carlos Park,US,2022-07-26 13:56:45,26.4673,-81.8015,85.95,84,93,11.21
239,Arlit,NE,2022-07-26 13:56:45,18.7369,7.3853,107.11,11,5,3.09
240,Chateaubelair,VC,2022-07-26 13:56:45,13.2833,-61.25,82.92,79,75,11.5
241,Pacific Grove,US,2022-07-26 13:53:30,36.6177,-121.9166,57.69,91,100,4.61
242,Torbay,CA,2022-07-26 13:56:46,47.6666,-52.7314,77.88,78,75,29.93
243,Praia,CV,2022-07-26 13:56:46,14.9215,-23.5087,84.74,70,20,6.91
244,San Matias,BO,2022-07-26 13:56:47,-16.3667,-58.4,91.11,24,7,7.72
245,Sao Joao Da Barra,BR,2022-07-26 13:54:48,-21.6403,-41.0511,77.09,71,3,8.25
246,Mount Isa,AU,2022-07-26 13:56:47,-20.7333,139.5,60.57,36,0,13.8
247,Mar Del Plata,AR,2022-07-26 13:56:47,-38.0023,-57.5575,58.08,60,100,3.44
248,Beyneu,KZ,2022-07-26 13:56:48,45.3167,55.2,88.59,26,1,21.43
249,Lompoc,US,2022-07-26 13:56:48,34.6391,-120.4579,58.01,88,100,3.44
250,Salym,RU,2022-07-26 13:56:49,60.0625,71.4789,70.84,53,52,9.08
251,Namatanai,PG,2022-07-26 13:56:49,-3.6667,152.4333,80.47,78,100,8.32
252,Saint Anthony,US,2022-07-26 13:56:49,45.0205,-93.218,70.84,82,100,8.59
253,Bredasdorp,ZA,2022-07-26 13:52:05,-34.5322,20.0403,67.06,40,18,8.48
254,Aswan,EG,2022-07-26 13:56:50,24.0934,32.907,107.55,7,0,10.49
255,Caravelas,BR,2022-07-26 13:53:57,-17.7125,-39.2481,77.58,62,20,7.07
256,Laurel,US,2022-07-26 13:56:50,39.0993,-76.8483,77.56,79,0,1.99
257,Dikson,RU,2022-07-26 13:56:51,73.5069,80.5464,51.4,67,55,23.11
258,Tuatapere,NZ,2022-07-26 13:56:51,-46.1333,167.6833,44.33,95,100,9.95
259,Sola,VU,2022-07-26 13:56:52,-13.8833,167.55,80.62,77,20,11.21
260,Rochefort,FR,2022-07-26 13:56:52,45.9167,-1.0,73.45,67,100,8.99
261,Nuuk,GL,2022-07-26 13:56:52,64.1835,-51.7216,40.93,88,89,6.24
262,Lagoa,PT,2022-07-26 13:56:53,39.05,-27.9833,73.83,85,6,11.72
263,Cherskiy,RU,2022-07-26 13:56:53,68.75,161.3,37.87,79,8,12.08
264,Dali,CN,2022-07-26 13:56:53,25.7,100.1833,63.68,90,87,5.28
265,Atambua,ID,2022-07-26 13:56:54,-9.1061,124.8925,67.69,88,39,5.99
266,Miraflores,MX,2022-07-26 13:56:54,19.2167,-98.8083,63.97,80,28,1.05
267,Iqaluit,CA,2022-07-26 13:56:55,63.7506,-68.5145,47.93,87,20,3.44
268,Hashtrud,IR,2022-07-26 13:56:55,37.4779,47.0508,85.91,21,6,10.56
269,Balykshi,KZ,2022-07-26 13:56:55,47.0667,51.8667,84.2,45,40,20.13
270,Amapa,BR,2022-07-26 13:56:56,1.0,-52.0,86.16,60,2,3.29
271,Ravensburg,DE,2022-07-26 13:57:56,47.7833,9.6167,82.47,52,0,4.61
272,Mendi,PG,2022-07-26 13:57:57,-6.1761,143.6513,56.55,99,100,0.85
273,Byron Bay,AU,2022-07-26 13:53:00,-28.65,153.6167,58.96,56,0,14.47
274,Isangel,VU,2022-07-26 13:57:57,-19.55,169.2667,73.15,89,80,15.3
275,Erzin,TR,2022-07-26 13:57:58,36.9559,36.2,89.73,38,0,10.87
276,Zeya,RU,2022-07-26 13:57:58,53.75,127.2667,72.57,65,64,3.42
277,Jalu,LY,2022-07-26 13:57:58,29.0331,21.5482,102.22,12,0,11.81
278,San Jeronimo,PE,2022-07-26 13:57:59,-11.9472,-75.2829,50.2,74,100,1.83
279,Pimenta Bueno,BR,2022-07-26 13:57:59,-11.6725,-61.1936,89.11,28,96,4.12
280,Batemans Bay,AU,2022-07-26 13:58:00,-35.7167,150.1833,53.1,79,5,6.04
281,Sungaipenuh,ID,2022-07-26 13:58:00,-2.0833,101.3833,65.37,98,97,1.34
282,College Place,US,2022-07-26 13:58:00,46.0493,-118.3883,82.56,30,0,2.82
283,Saiha,IN,2022-07-26 13:58:01,22.4833,92.9667,71.62,97,99,1.79
284,Richards Bay,ZA,2022-07-26 13:58:01,-28.783,32.0377,66.24,59,0,8.88
285,Codrington,AU,2022-07-26 13:58:01,-38.2667,141.9667,49.8,94,42,10.22
286,La Rioja,ES,2022-07-26 13:58:02,42.25,-2.5,71.38,40,0,11.01
287,Lubao,PH,2022-07-26 13:58:02,14.9167,120.55,80.31,85,100,3.09
288,Babstovo,RU,2022-07-26 13:58:03,48.1167,132.4833,69.44,91,17,2.66
289,Nyeri,KE,2022-07-26 13:58:03,-0.4201,36.9476,67.73,54,100,8.28
290,Comodoro Rivadavia,AR,2022-07-26 13:58:03,-45.8667,-67.5,35.46,80,40,10.36
291,Srednekolymsk,RU,2022-07-26 13:58:04,67.45,153.6833,43.0,69,100,13.62
292,Dublin,US,2022-07-26 13:53:24,37.7021,-121.9358,61.68,87,100,5.01
293,The Valley,AI,2022-07-26 13:58:04,18.217,-63.0578,86.09,70,20,17.27
294,Lazaro Cardenas,MX,2022-07-26 13:58:05,17.9583,-102.2,78.53,79,76,4.54
295,Gladstone,AU,2022-07-26 13:58:05,-23.85,151.25,60.73,82,40,3.44
296,Gilgit,PK,2022-07-26 13:58:06,35.9221,74.3087,85.93,54,96,6.62
297,Oyek,RU,2022-07-26 13:58:06,52.5861,104.4556,61.18,85,92,1.74
298,Garden City,US,2022-07-26 13:55:14,42.3256,-83.331,75.15,62,63,1.01
299,Carbonia,IT,2022-07-26 13:56:55,39.1672,8.5222,101.01,45,0,14.65
300,Trenggalek,ID,2022-07-26 13:58:07,-8.05,111.7167,72.14,94,97,2.44
301,Show Low,US,2022-07-26 13:58:07,34.2542,-110.0298,62.89,91,20,6.91
302,Kruisfontein,ZA,2022-07-26 13:58:07,-34.0033,24.7314,76.89,28,0,4.94
303,Mareeba,AU,2022-07-26 13:58:08,-17.0,145.4333,65.12,91,0,3.06
304,Ketchikan,US,2022-07-26 13:53:15,55.3422,-131.6461,58.71,95,34,7.23
305,Leningradskiy,RU,2022-07-26 13:58:08,69.3833,178.4167,33.03,98,100,12.24
306,Ossora,RU,2022-07-26 13:53:31,59.2353,163.0719,53.94,83,58,2.39
307,Oussouye,SN,2022-07-26 13:58:09,12.485,-16.5469,87.98,68,59,11.88
308,Mutum,BR,2022-07-26 13:58:09,-19.8,-41.4383,79.68,45,3,2.98
309,Bontang,ID,2022-07-26 13:58:10,0.1333,117.5,78.4,87,100,5.17
310,Lens,FR,2022-07-26 13:58:10,50.4167,2.8333,75.52,58,93,14.45
311,Montepuez,MZ,2022-07-26 13:58:10,-13.1256,38.9997,80.98,27,19,8.79
312,San Patricio,US,2022-07-26 13:58:11,28.017,-97.5169,86.9,66,58,8.28
313,Paiania,GR,2022-07-26 13:58:11,37.9553,23.8544,96.75,30,20,17.27
314,Sarkand,KZ,2022-07-26 13:58:12,45.41,79.9186,78.55,17,0,3.85
315,Bulgan,MN,2022-07-26 13:58:12,48.8125,103.5347,51.69,94,100,1.83
316,Yulara,AU,2022-07-26 13:58:12,-25.2406,130.9889,48.96,46,0,10.0
317,Zhangjiakou,CN,2022-07-26 13:55:33,40.81,114.8794,72.54,73,27,7.09
318,Tianpeng,CN,2022-07-26 13:58:13,30.9866,103.9393,91.87,84,2,4.18
319,Nurota,UZ,2022-07-26 13:58:13,40.5614,65.6886,100.0,15,1,17.72
320,Wabag,PG,2022-07-26 13:59:14,-5.4781,143.7021,53.31,98,97,2.1
321,Karacabey,TR,2022-07-26 13:59:14,40.2152,28.4038,88.65,28,0,18.72
322,Turbat,PK,2022-07-26 13:59:14,26.0023,63.044,84.88,75,100,13.65
323,Husavik,IS,2022-07-26 13:59:15,66.0449,-17.3389,52.81,78,86,4.99
324,Harper,LR,2022-07-26 13:59:15,4.375,-7.7169,77.86,76,98,8.03
325,Asau,RO,2022-07-26 13:59:16,46.4333,26.4,87.28,25,4,5.1
326,Sinnamary,GF,2022-07-26 13:59:16,5.3833,-52.95,84.0,69,19,3.94
327,Vung Tau,VN,2022-07-26 13:59:17,10.346,107.0843,82.06,76,100,1.01
328,Rio Gallegos,AR,2022-07-26 13:59:17,-51.6226,-69.2181,19.45,86,0,4.61
329,Cap Malheureux,MU,2022-07-26 13:59:18,-19.9842,57.6142,71.47,70,3,5.99
330,Luganville,VU,2022-07-26 13:59:18,-15.5333,167.1667,78.44,86,46,6.31
331,Tekkali,IN,2022-07-26 13:59:18,18.6167,84.2333,82.42,80,29,4.76
332,Fairbanks,US,2022-07-26 13:57:36,64.8378,-147.7164,52.09,76,75,12.66
333,Paraiso,CR,2022-07-26 13:58:29,9.8383,-83.8656,71.96,83,76,2.71
334,Oktyabrskiy,RU,2022-07-26 13:59:19,54.4815,53.471,78.17,65,45,5.86
335,Det Udom,TH,2022-07-26 13:59:19,14.906,105.0784,78.62,77,85,7.58
336,Sangar,RU,2022-07-26 13:59:20,63.9242,127.4739,66.61,74,8,3.29
337,Altamira,BR,2022-07-26 13:59:20,-3.2033,-52.2064,88.27,52,68,2.89
338,Ust-Barguzin,RU,2022-07-26 13:59:20,53.45,108.9833,52.32,99,100,3.42
339,Korla,CN,2022-07-26 13:59:21,41.7597,86.1469,91.94,14,0,9.35
340,Champerico,GT,2022-07-26 13:59:21,14.3,-91.9167,77.54,81,74,4.5
341,Dubbo,AU,2022-07-26 13:55:11,-32.25,148.6167,42.93,81,6,8.05
342,Lomitas,HN,2022-07-26 13:59:22,15.1,-87.2167,70.72,94,40,2.3
343,Vardo,NO,2022-07-26 13:59:22,70.3705,31.1107,58.98,88,75,9.22
344,Milkovo,RU,2022-07-26 13:59:23,54.7167,158.6167,57.0,93,99,3.83
345,Kingaroy,AU,2022-07-26 13:59:23,-26.5333,151.8333,50.47,65,0,13.38
346,Imeni Poliny Osipenko,RU,2022-07-26 13:59:23,52.4201,136.4853,55.6,91,40,5.59
347,Voitsberg,AT,2022-07-26 13:59:24,47.0333,15.15,78.31,55,44,6.44
348,Georgetown,MY,2022-07-26 13:59:24,5.4112,100.3354,84.88,86,20,3.44
349,Tacna,PE,2022-07-26 13:59:25,-18.0056,-70.2483,52.7,87,100,3.44
350,Mansfield,GB,2022-07-26 13:59:25,53.1333,-1.2,67.75,65,99,1.01
351,Bongandanga,CD,2022-07-26 13:59:25,1.5,21.05,79.25,86,100,3.31
352,Kirtipur,NP,2022-07-26 13:59:26,27.6667,85.2833,71.53,94,75,4.61
353,Waipawa,NZ,2022-07-26 13:59:26,-41.4122,175.5153,49.24,98,88,6.73
354,Hervey Bay,AU,2022-07-26 13:59:27,-25.2986,152.8535,62.49,76,0,11.59
355,Boden,SE,2022-07-26 13:59:27,65.8252,21.6886,60.8,97,100,7.27
356,Agadez,NE,2022-07-26 13:59:28,19.75,10.25,101.61,8,4,14.38
357,Monopoli,IT,2022-07-26 13:59:28,40.9559,17.2896,95.41,56,2,10.29
358,Camopi,GF,2022-07-26 13:59:28,3.1655,-52.3158,86.59,58,11,2.95
359,Huarmey,PE,2022-07-26 13:59:29,-10.0681,-78.1522,63.28,83,100,7.96
360,Dudinka,RU,2022-07-26 13:59:29,69.4058,86.1778,63.63,71,98,8.16
361,Pozo Colorado,PY,2022-07-26 13:59:30,-23.4923,-58.7972,89.08,26,0,9.91
362,Bayan,CN,2022-07-26 13:59:30,46.0833,127.4,73.71,92,18,3.8
363,Babu,CN,2022-07-26 13:59:31,24.4167,111.5167,82.74,67,5,1.36
364,Nanortalik,GL,2022-07-26 13:59:31,60.1432,-45.2371,45.12,88,85,7.0
365,Puerto Escondido,MX,2022-07-26 13:59:31,15.85,-97.0667,80.6,70,92,2.15
366,Mattru,SL,2022-07-26 14:00:32,7.6244,-11.8332,85.39,59,83,2.08
367,Nome,US,2022-07-26 14:00:32,64.5011,-165.4064,43.16,93,100,21.7
368,Outjo,NA,2022-07-26 14:00:33,-20.1167,16.15,80.33,17,17,11.5
369,Talnakh,RU,2022-07-26 14:00:33,69.4865,88.3972,63.21,67,60,6.49
370,Izumo,JP,2022-07-26 14:00:34,35.3667,132.7667,75.07,95,5,5.19
371,La Ronge,CA,2022-07-26 14:00:34,55.1001,-105.2842,57.18,74,91,11.81
372,Meadow Lake,US,2022-07-26 14:00:35,34.8014,-106.5436,73.17,51,2,1.59
373,Jumla,NP,2022-07-26 14:00:35,29.2747,82.1838,63.72,97,96,1.83
374,Pingliang,CN,2022-07-26 14:00:36,35.5392,106.6861,74.12,74,53,6.51
375,Hamilton,US,2022-07-26 14:00:36,39.1834,-84.5333,72.0,90,100,3.4
376,Santa Isabel Do Rio Negro,BR,2022-07-26 14:00:37,-0.4139,-65.0192,84.69,67,32,2.35
377,Shelburne,CA,2022-07-26 14:00:37,44.0787,-80.2041,65.12,72,98,6.78
378,Lar,IN,2022-07-26 14:00:38,26.2039,83.9717,89.98,56,81,5.88
379,Lavrentiya,RU,2022-07-26 14:00:38,65.5833,-171.0,38.05,88,100,17.09
380,Boyolangu,ID,2022-07-26 14:00:39,-8.1181,111.8935,72.79,93,98,3.33
381,Tigil,RU,2022-07-26 14:00:39,57.8,158.6667,45.28,82,46,4.7
382,Sechura,PE,2022-07-26 14:00:40,-5.5569,-80.8222,66.76,76,91,11.99
383,Napanee,CA,2022-07-26 14:00:40,44.2501,-76.9494,70.95,60,100,8.46
384,Inhambane,MZ,2022-07-26 14:00:41,-23.865,35.3833,71.51,53,3,11.34
385,La Asuncion,VE,2022-07-26 14:00:41,11.0333,-63.8628,82.13,83,51,10.36
386,Berlevag,NO,2022-07-26 14:00:41,70.8578,29.0864,62.4,86,98,5.17
387,Leh,IN,2022-07-26 14:00:42,34.1667,77.5833,74.03,33,76,5.03
388,Ardakan,IR,2022-07-26 14:00:42,32.31,54.0175,105.6,15,92,9.64
389,Bouar,CF,2022-07-26 14:00:43,5.934,15.596,71.49,91,100,6.17
390,Kirakira,SB,2022-07-26 14:00:43,-10.4544,161.9205,78.69,86,54,6.98
391,Dhidhdhoo,MV,2022-07-26 14:00:44,6.8833,73.1,82.11,79,35,17.16
392,Totness,SR,2022-07-26 14:00:44,5.8833,-56.3167,82.54,75,17,5.55
393,Jiwani,PK,2022-07-26 14:00:45,25.05,61.7417,82.83,84,100,16.64
394,Zenzeli,RU,2022-07-26 14:00:45,45.9241,47.0474,90.97,26,68,8.19
395,Manokwari,ID,2022-07-26 14:00:46,-0.8667,134.0833,79.14,73,90,5.79
396,Saint George,US,2022-07-26 13:58:56,37.1041,-113.5841,76.78,81,98,1.01
397,Camacha,PT,2022-07-26 14:00:47,33.0833,-16.3333,74.62,69,20,17.27
398,Ternate,ID,2022-07-26 14:00:47,0.8,127.4,81.23,78,97,2.46
399,Jardim,BR,2022-07-26 14:00:48,-21.4803,-56.1381,87.93,25,0,7.54
400,Mae Ramat,TH,2022-07-26 14:00:48,16.984,98.5166,77.2,94,62,1.5
401,Nishihara,JP,2022-07-26 13:59:52,26.1842,127.7558,79.88,89,75,4.61
402,Marawi,PH,2022-07-26 14:00:49,7.9986,124.2928,70.57,93,99,1.66
403,Shemysheyka,RU,2022-07-26 14:00:49,52.892,45.3928,77.7,61,21,9.82
404,Port Lincoln,AU,2022-07-26 14:00:49,-34.7333,135.8667,53.31,74,57,10.42
405,Eureka,US,2022-07-26 14:00:50,40.8021,-124.1637,55.2,87,75,1.01
406,Narsaq,GL,2022-07-26 13:56:42,60.9167,-46.05,47.8,81,93,5.53
407,Margate,GB,2022-07-26 14:00:04,51.3813,1.3862,69.31,57,100,6.73
408,Tibati,CM,2022-07-26 14:00:51,6.4667,12.6333,75.76,78,100,4.27
409,Vao,NC,2022-07-26 14:00:51,-22.6667,167.4833,67.96,64,0,10.07
410,Gwalior,IN,2022-07-26 14:00:11,26.2236,78.1792,87.22,64,87,9.6
411,Nago,JP,2022-07-26 14:00:52,26.5881,127.9761,78.46,81,3,7.25
412,Nagato,JP,2022-07-26 14:00:53,34.3833,131.2,76.37,91,8,5.68
413,Kroya,ID,2022-07-26 14:01:53,-7.6331,109.2461,73.89,83,75,4.9
414,Carballo,ES,2022-07-26 14:01:54,43.213,-8.691,77.02,59,33,9.95
415,Tual,ID,2022-07-26 14:01:54,-5.6667,132.75,79.54,81,67,21.83
416,Khasan,RU,2022-07-26 14:01:54,42.4308,130.6434,68.95,95,100,3.78
417,Adrar,MR,2022-07-26 14:01:55,20.5022,-10.0711,103.69,18,9,5.64
418,Rocha,UY,2022-07-26 14:01:55,-34.4833,-54.3333,64.31,91,100,11.79
419,Sakakah,SA,2022-07-26 14:01:56,29.9697,40.2064,104.65,7,0,3.67
420,Chicama,PE,2022-07-26 14:01:56,-7.8447,-79.1469,64.76,80,98,6.29
421,Bendigo,AU,2022-07-26 14:01:56,-36.7667,144.2833,44.64,83,96,5.48
422,Okhotsk,RU,2022-07-26 14:01:57,59.3833,143.3,55.78,88,85,8.01
423,Padang,ID,2022-07-26 14:01:57,-0.9492,100.3543,77.9,85,30,3.22
424,Maarianhamina,AX,2022-07-26 14:01:58,60.0973,19.9348,67.86,83,0,17.27
425,Ahuimanu,US,2022-07-26 14:01:58,21.4447,-157.8378,76.86,81,36,5.01
426,Plotnikovo,RU,2022-07-26 14:01:58,55.0247,85.9436,64.74,82,13,3.78
427,Along,IN,2022-07-26 14:01:59,28.1667,94.7667,74.97,98,49,0.34
428,Waitara,NZ,2022-07-26 14:01:59,-38.925,174.25,59.49,94,100,29.1
429,Anloga,GH,2022-07-26 14:02:00,5.7947,0.8973,76.95,85,100,16.51
430,Kongolo,CD,2022-07-26 14:02:00,-5.3833,27.0,94.48,22,97,8.57
431,Collie,AU,2022-07-26 14:02:00,-33.3667,116.15,51.24,95,100,3.36
432,Kutum,SD,2022-07-26 14:02:01,14.2,24.6667,91.13,26,100,10.2
433,Luanda,AO,2022-07-26 14:02:01,-8.8368,13.2343,73.4,83,0,11.5
434,Lac Du Bonnet,CA,2022-07-26 14:02:02,50.2536,-96.0612,61.3,87,100,6.44
435,Teguise,ES,2022-07-26 14:02:02,29.0605,-13.564,89.82,31,0,25.32
436,Coruripe,BR,2022-07-26 13:58:27,-10.1256,-36.1756,76.21,83,100,16.6
437,Kozhva,RU,2022-07-26 14:02:03,65.1073,57.0459,63.57,45,87,4.61
438,Ajaccio,FR,2022-07-26 14:02:03,42.0,8.9167,84.25,58,0,13.8
439,Gumdag,TM,2022-07-26 14:02:03,39.2061,54.5906,95.16,33,24,9.01
440,San Juan,AR,2022-07-26 14:02:01,-31.5375,-68.5364,56.55,77,6,8.46
441,Margara,AM,2022-07-26 14:02:04,40.0335,44.1771,91.51,37,65,11.21
442,Maragogi,BR,2022-07-26 14:02:04,-9.0122,-35.2225,76.69,79,62,8.32
443,Rio Bueno,CL,2022-07-26 14:02:05,-40.3167,-72.9667,49.1,87,7,5.08
444,Suez,EG,2022-07-26 14:00:33,29.9737,32.5263,100.06,14,0,8.88
445,Glendive,US,2022-07-26 14:02:05,47.1053,-104.7125,65.82,72,0,10.36
446,San Pedro,PH,2022-07-26 14:02:06,14.35,121.0167,82.35,85,75,5.01
447,Iskateley,RU,2022-07-26 14:02:06,67.6803,53.1512,59.85,51,34,17.13
448,Kahului,US,2022-07-26 14:02:07,20.8947,-156.47,75.85,92,99,5.01
449,Pekalongan,ID,2022-07-26 14:02:07,-6.8886,109.6753,77.27,75,84,3.11
450,Carauari,BR,2022-07-26 14:02:08,-4.8828,-66.8958,87.24,58,0,1.66
451,Jhanjharpur,IN,2022-07-26 14:02:08,26.2667,86.2833,89.56,56,100,9.55
452,Sabang,ID,2022-07-26 14:02:08,5.8933,95.3214,81.84,77,100,10.31
453,Pahrump,US,2022-07-26 14:02:09,36.2083,-115.9839,76.24,82,99,1.01
454,Zaraza,VE,2022-07-26 14:01:12,9.3503,-65.3245,84.13,62,20,5.53
455,Padilla,CO,2022-07-26 14:02:09,3.2204,-76.3139,71.17,78,75,2.48
456,Shenjiamen,CN,2022-07-26 14:02:10,29.9576,122.298,79.74,91,7,16.31
457,Bloomfield,US,2022-07-26 14:01:26,40.8068,-74.1854,79.99,55,0,8.05
458,Shostka,UA,2022-07-26 14:02:10,51.863,33.4698,73.49,62,80,5.53
459,Ewo,CG,2022-07-26 14:02:11,-0.8725,14.8206,86.81,45,83,5.3
460,Pevek,RU,2022-07-26 14:02:11,69.7008,170.3133,31.78,88,53,2.44
461,Mufumbwe,ZM,2022-07-26 14:03:12,-13.6833,24.8,81.32,14,0,10.36
462,Deer Lake,CA,2022-07-26 14:03:12,49.1667,-57.4316,71.46,88,100,6.91
463,Kendari,ID,2022-07-26 14:03:13,-3.945,122.4989,74.88,93,63,3.31
464,Watsa,CD,2022-07-26 14:03:13,3.0372,29.5355,74.66,82,99,4.09
465,Kupang,ID,2022-07-26 14:00:41,-10.1667,123.5833,74.5,74,100,12.88
466,Pontianak,ID,2022-07-26 14:03:14,-0.0333,109.3333,76.98,100,75,4.61
467,Santa Cruz De Tenerife,ES,2022-07-26 14:00:00,28.4682,-16.2546,94.59,74,9,10.33
468,Mizdah,LY,2022-07-26 14:03:14,31.4451,12.9801,97.07,10,0,7.74
469,San Ignacio,BZ,2022-07-26 14:03:15,17.1561,-89.0714,80.76,74,59,2.44
470,Turukhansk,RU,2022-07-26 14:03:15,65.8167,87.9833,63.55,71,54,2.75
471,Les Escoumins,CA,2022-07-26 14:03:15,48.1111,-69.0236,60.31,67,26,15.3
472,Caronport,CA,2022-07-26 14:03:16,50.4501,-105.8179,61.59,73,39,10.49
473,Grand Gaube,MU,2022-07-26 14:03:16,-20.0064,57.6608,71.38,70,4,5.99
474,Santa Rosa,PH,2022-07-26 14:03:17,14.3122,121.1114,83.1,83,74,3.69
475,Quatre Cocos,MU,2022-07-26 14:02:09,-20.2078,57.7625,71.1,76,30,11.59
476,Twin Falls,US,2022-07-26 14:03:17,42.3505,-114.6445,71.94,23,0,10.36
477,Ciudad Bolivar,VE,2022-07-26 14:03:18,8.1222,-63.5497,83.12,62,86,8.21
478,Alekseyevsk,RU,2022-07-26 14:03:18,57.8406,108.3492,58.95,84,93,10.04
479,Luoyang,CN,2022-07-26 14:03:18,34.6836,112.4536,82.09,69,38,6.71
480,Halmstad,SE,2022-07-26 14:03:19,56.6745,12.8568,66.02,63,40,20.71
481,Nadym,RU,2022-07-26 14:03:19,65.5333,72.5167,59.36,53,25,17.09
482,Plunge,LT,2022-07-26 14:03:20,55.9114,21.8442,66.79,94,100,7.74
483,Karratha,AU,2022-07-26 14:03:20,-20.7377,116.8463,71.13,33,21,5.91
484,Kukmor,RU,2022-07-26 14:03:21,56.1855,50.8944,71.15,82,82,5.88
485,Flagstaff,US,2022-07-26 14:03:21,35.1981,-111.6513,64.04,94,100,4.61
486,Marzuq,YE,2022-07-26 14:03:22,14.4,46.4667,91.6,29,68,6.64
487,Zomin,UZ,2022-07-26 14:01:13,39.9606,68.3958,99.37,12,1,7.2
488,Ocos,GT,2022-07-26 14:03:22,14.5094,-92.1933,77.94,81,59,4.68
489,Jamame,SO,2022-07-26 14:03:22,0.0722,42.7506,78.67,66,35,17.69
490,Altay,CN,2022-07-26 14:03:23,47.8667,88.1167,69.48,36,0,7.27
491,Nesbyen,NO,2022-07-26 14:03:23,60.5681,9.1027,64.0,59,99,6.98
492,Juanjui,PE,2022-07-26 14:03:24,-7.1779,-76.7314,69.94,99,100,1.16
493,Neuquen,AR,2022-07-26 14:03:24,-38.9516,-68.0591,45.39,87,100,8.86
494,Namibe,AO,2022-07-26 14:03:24,-15.1961,12.1522,71.91,60,30,13.13
495,Whitianga,NZ,2022-07-26 14:03:25,-36.8333,175.7,54.81,84,97,20.58
496,Qiongshan,CN,2022-07-26 14:03:25,20.0058,110.3542,82.27,72,3,7.67
497,Nobeoka,JP,2022-07-26 14:03:26,32.5833,131.6667,78.46,93,19,1.14
498,Shangzhi,CN,2022-07-26 14:03:26,45.2167,127.9667,72.73,94,7,3.44
499,Filadelfia,US,2022-07-26 14:01:49,39.9523,-75.1638,77.25,63,100,3.44
500,Ingham,US,2022-07-26 14:03:27,42.6,-84.3833,70.84,76,0,0.0
501,Minatitlan,MX,2022-07-26 14:00:01,17.9833,-94.5167,78.12,84,100,3.11
502,Yichun,CN,2022-07-26 14:03:27,47.7,128.9,67.46,83,7,3.49
503,Mocuba,MZ,2022-07-26 14:03:28,-16.8392,36.9856,67.46,85,100,4.34
504,Deniliquin,AU,2022-07-26 14:03:28,-35.5333,144.9667,41.65,83,0,8.41
505,Kavaratti,IN,2022-07-26 14:03:28,10.5669,72.642,81.27,78,100,16.73
506,Bad Neuenahr-Ahrweiler,DE,2022-07-26 13:58:41,50.55,7.1,73.99,57,69,3.0
507,Naspur,IN,2022-07-26 14:03:29,18.8333,79.45,78.71,89,100,6.15
508,Cozumel,MX,2022-07-26 14:03:29,20.5083,-86.9458,87.87,80,75,10.36
509,Sept-Iles,CA,2022-07-26 14:04:30,50.2001,-66.3821,63.23,65,90,14.45
510,Bahua,IN,2022-07-26 14:01:23,25.85,80.6333,90.19,57,100,3.24
511,Kampong Thum,KH,2022-07-26 14:04:30,12.7111,104.8887,80.08,83,100,4.03
512,Rach Gia,VN,2022-07-26 14:03:02,10.0167,105.0833,81.72,79,100,6.08
513,Porto Novo,BJ,2022-07-26 14:00:32,6.4965,2.6036,78.21,81,99,12.46
514,Ibra,OM,2022-07-26 14:04:31,22.6906,58.5334,83.79,60,100,1.86
515,Jega,NG,2022-07-26 14:04:31,12.2175,4.3792,94.17,45,82,10.76
516,Kununurra,AU,2022-07-26 14:04:32,-15.7667,128.7333,62.58,63,100,3.44
517,Sarangani,PH,2022-07-26 14:04:32,5.4033,125.4636,83.16,72,96,5.01
518,Salinopolis,BR,2022-07-26 14:04:33,-0.6136,-47.3561,81.91,81,91,8.68
519,Sistranda,NO,2022-07-26 14:04:33,63.7256,8.834,55.36,93,100,19.55
520,Maiduguri,NG,2022-07-26 14:04:34,11.8464,13.1603,94.69,40,92,14.34
521,Srivardhan,IN,2022-07-26 14:04:34,18.0333,73.0167,80.94,81,100,2.37
522,Havoysund,NO,2022-07-26 14:04:34,70.9963,24.6622,59.23,79,64,7.83
523,Sydney,AU,2022-07-26 13:59:36,-33.8679,151.2073,52.63,64,0,13.8
524,Ponta Do Sol,PT,2022-07-26 14:04:35,32.6667,-17.1,88.43,49,63,6.98
525,Mahibadhoo,MV,2022-07-26 14:04:35,3.7833,72.9667,82.83,75,15,16.67
526,Dulce Grande,MX,2022-07-26 14:04:36,23.0,-102.1667,62.44,70,100,10.25
527,Avera,US,2022-07-26 14:04:36,33.194,-82.5271,82.54,65,100,9.31
528,Colares,PT,2022-07-26 14:04:36,38.7992,-9.4469,87.1,51,20,13.8
529,Flin Flon,CA,2022-07-26 14:04:37,54.7682,-101.865,58.1,75,98,8.81
530,Belle Fourche,US,2022-07-26 14:04:37,44.6714,-103.8522,67.32,73,95,10.31
531,Zhaodong,CN,2022-07-26 14:04:38,46.0833,125.9833,74.28,92,53,7.63
532,Amga,RU,2022-07-26 14:04:38,60.8953,131.9608,60.66,76,10,1.95
533,Santa Maria,BR,2022-07-26 14:04:30,-29.6842,-53.8069,72.91,68,8,5.32
534,Greystones,IE,2022-07-26 14:04:39,53.1408,-6.0631,64.49,63,26,9.44
535,Hualmay,PE,2022-07-26 14:04:39,-11.0964,-77.6139,62.46,81,100,10.04
536,San Carlos De Bariloche,AR,2022-07-26 14:00:33,-41.1456,-71.3082,36.5,99,100,3.31
537,Ayan,RU,2022-07-26 14:04:40,56.45,138.1667,56.08,83,0,2.84
538,Kyaikkami,MM,2022-07-26 14:04:40,16.08,97.5675,82.6,80,100,5.39
539,Beocin,RS,2022-07-26 14:04:40,45.2083,19.7206,101.84,13,0,2.39
540,Dillon,US,2022-07-26 14:02:05,34.4166,-79.3712,87.94,62,100,12.3
541,Port Hueneme,US,2022-07-26 14:04:41,34.1478,-119.1951,65.34,93,100,5.75
542,Filingue,NE,2022-07-26 14:04:42,14.3521,3.3168,98.51,34,100,16.69
543,Cururupu,BR,2022-07-26 14:04:42,-1.8283,-44.8683,88.2,52,65,5.39
544,Buchanan,LR,2022-07-26 14:01:19,5.8808,-10.0467,78.85,74,98,6.04
545,Kapoeta,SS,2022-07-26 14:04:42,4.7717,33.5903,91.02,31,76,10.29
546,Oviedo,ES,2022-07-26 14:00:05,43.3603,-5.8448,68.36,83,100,8.99
547,Ampanihy,MG,2022-07-26 14:04:43,-24.7,44.75,72.66,43,4,11.83
548,Port Keats,AU,2022-07-26 14:04:43,-14.25,129.55,73.78,47,100,7.58
549,Osorno,CL,2022-07-26 14:02:38,-40.5667,-73.15,49.24,96,32,4.27
550,Mauganj,IN,2022-07-26 14:04:44,24.6833,81.8833,85.98,64,81,4.16
551,Campoverde,PE,2022-07-26 14:04:44,-8.4753,-74.8058,73.09,89,100,0.47
552,Nhulunbuy,AU,2022-07-26 14:04:45,-12.2333,136.7667,74.01,83,40,10.36
553,Jerantut,MY,2022-07-26 14:05:45,3.936,102.3626,76.44,95,100,2.24
554,Bairiki,KI,2022-07-26 14:05:45,1.3292,172.9752,80.6,83,20,14.97
555,Progreso,MX,2022-07-26 14:05:46,21.2833,-89.6667,83.1,72,28,8.08
556,Kushmurun,KZ,2022-07-26 14:05:46,52.4503,64.6311,66.56,78,100,8.23
557,Los Llanos De Aridane,ES,2022-07-26 14:05:47,28.6585,-17.9182,82.15,48,0,16.11
558,Sao Filipe,CV,2022-07-26 14:05:47,14.8961,-24.4956,79.12,80,53,3.56
559,Miyako,JP,2022-07-26 14:05:48,39.6367,141.9525,71.94,96,22,1.92
560,Naliya,IN,2022-07-26 14:05:48,23.2667,68.8333,82.81,78,100,11.65
561,Neiafu,TO,2022-07-26 14:05:48,-18.65,-173.9833,75.88,73,75,5.75
562,Riohacha,CO,2022-07-26 14:05:49,11.5444,-72.9072,86.11,62,75,14.97
563,Saint-Augustin,CA,2022-07-26 14:05:49,51.226,-58.6502,64.22,93,100,11.77
564,Swan Hill,AU,2022-07-26 14:05:49,-35.3378,143.5544,45.7,78,43,6.55
565,Santiago De Cao,PE,2022-07-26 14:05:50,-7.9589,-79.2392,60.93,88,100,9.22
566,Lusambo,CD,2022-07-26 14:05:50,-4.9667,23.45,100.65,16,49,4.25
567,Vermillion,US,2022-07-26 14:05:51,42.7794,-96.9292,68.81,55,62,11.03
568,Morros,BR,2022-07-26 14:05:51,-9.4467,-46.3003,81.0,40,100,13.53
569,Talara,PE,2022-07-26 14:01:37,-4.5772,-81.2719,68.36,76,57,12.35
570,College,US,2022-07-26 14:05:52,64.8569,-147.8028,53.08,76,100,13.8
571,Wamba,NG,2022-07-26 14:05:52,8.9333,8.6,82.13,70,92,4.97
572,Bealanana,MG,2022-07-26 14:05:52,-14.55,48.7333,66.4,60,82,2.71
573,Porto Walter,BR,2022-07-26 14:05:53,-8.2686,-72.7439,79.38,79,40,1.03
574,Puerto Penasco,MX,2022-07-26 14:05:13,31.3167,-113.5333,85.91,79,94,15.99
575,Oktyabrskoye,RU,2022-07-26 14:05:53,43.0645,44.7417,82.54,42,40,6.71
576,Glendora,US,2022-07-26 14:05:54,34.1361,-117.8653,72.32,88,0,0.0
577,Beloha,MG,2022-07-26 14:05:54,-25.1667,45.05,69.84,50,3,10.49
578,Malanje,AO,2022-07-26 14:05:55,-9.5402,16.341,86.76,12,6,8.01
579,Naro,IT,2022-07-26 14:01:45,37.2935,13.7936,100.26,33,0,11.48
580,Kortkeros,RU,2022-07-26 14:05:55,61.8106,51.5806,68.18,31,71,5.17
581,Northam,GB,2022-07-26 14:05:55,51.0333,-4.2167,67.66,58,10,12.06
582,Clarence Town,AU,2022-07-26 14:05:56,-32.5833,151.7833,52.95,63,14,12.48
583,Mchinji,MW,2022-07-26 14:05:56,-13.7984,32.8802,75.24,25,17,7.76
584,Algeciras,ES,2022-07-26 14:05:57,36.1333,-5.4505,91.08,33,0,14.97
585,Yining,CN,2022-07-26 14:05:57,29.0361,114.5636,83.82,66,52,2.68
586,Suamico,US,2022-07-26 14:05:57,44.6319,-88.0393,72.75,60,0,3.44
587,Toamasina,MG,2022-07-26 14:05:58,-18.1667,49.3833,70.38,81,92,5.3
588,Storforshei,NO,2022-07-26 14:05:58,66.4043,14.5233,64.18,77,75,8.05
589,Novyy Urengoy,RU,2022-07-26 14:05:59,66.0833,76.6333,62.11,54,88,8.84
590,Oranjemund,NA,2022-07-26 14:05:59,-28.55,16.4333,58.44,72,4,16.58
591,Ponta Delgada,PT,2022-07-26 14:06:00,37.7333,-25.6667,74.12,88,75,11.5
592,Lebedinyy,RU,2022-07-26 14:06:00,58.5167,125.5167,68.29,69,53,4.61
593,Bilma,NE,2022-07-26 14:06:00,18.6853,12.9164,104.2,9,13,6.67
594,Rosetta,EG,2022-07-26 14:06:01,31.4044,30.4164,83.97,58,0,13.51
595,Yarensk,RU,2022-07-26 14:06:01,62.1675,49.0916,70.72,33,5,3.71
596,Batagay-Alyta,RU,2022-07-26 14:06:01,67.8006,130.4114,66.31,63,35,5.7
597,Yangcun,CN,2022-07-26 14:06:02,39.3639,117.0603,80.58,81,2,9.78
598,Abu Samrah,SY,2022-07-26 14:06:02,35.3029,37.1841,98.04,13,0,11.39
599,Chapais,CA,2022-07-26 14:06:03,49.7834,-74.8492,56.98,93,100,9.8
600,Vanimo,PG,2022-07-26 14:06:03,-2.6741,141.3028,78.35,89,100,5.84
601,Henties Bay,NA,2022-07-26 14:07:04,-22.116,14.2845,59.14,74,3,8.23
602,Mormugao,IN,2022-07-26 14:07:04,15.4,73.8,79.07,81,100,6.62
603,Winsum,NL,2022-07-26 14:07:04,53.33,6.5208,68.02,57,100,14.23
604,Gunnedah,AU,2022-07-26 14:07:05,-30.9833,150.25,42.13,69,5,6.08
605,Lethem,GY,2022-07-26 14:07:05,3.3803,-59.7968,78.06,86,93,4.85
606,Pointe Michel,DM,2022-07-26 14:07:06,15.25,-61.3833,82.49,72,5,15.14
607,Kirando,TZ,2022-07-26 14:07:06,-7.4167,30.6,81.19,47,30,8.14
608,Sirjan,IR,2022-07-26 14:07:07,29.452,55.6814,84.18,36,100,12.24
609,Kloulklubed,PW,2022-07-26 14:07:07,7.0419,134.2556,75.7,76,100,6.98
610,Caluquembe,AO,2022-07-26 14:07:07,-13.7833,14.6833,78.96,15,0,6.44
611,Balakhninskiy,RU,2022-07-26 14:07:08,58.0106,114.2769,69.53,74,83,3.36
612,Wuhu,CN,2022-07-26 14:07:08,31.3366,118.3755,79.21,88,86,5.59
613,Freeport,US,2022-07-26 14:07:09,40.6576,-73.5832,80.26,53,0,5.75
614,Zhigansk,RU,2022-07-26 14:07:09,66.7697,123.3711,64.89,66,8,3.11
615,Shihezi,CN,2022-07-26 14:07:09,44.3,86.0333,87.44,14,100,8.03
616,Bela,IN,2022-07-26 14:07:10,25.9333,81.9833,89.98,59,100,3.47
617,Svodna,BA,2022-07-26 14:07:10,45.0372,16.5383,74.17,83,51,16.58
618,Guilin,CN,2022-07-26 14:07:11,25.2819,110.2864,81.95,70,30,1.14
619,Qingdao,CN,2022-07-26 14:07:11,36.0986,120.3719,76.71,84,100,7.72
620,Le Port,RE,2022-07-26 14:07:11,-20.9373,55.2919,73.4,70,47,7.16
621,Bonfim,BR,2022-07-26 14:07:12,3.0833,-59.95,72.93,94,99,0.83
622,Madang,PG,2022-07-26 14:07:12,-5.2246,145.7966,78.44,90,100,7.67
623,Maniitsoq,GL,2022-07-26 14:07:13,65.4167,-52.9,39.58,97,100,2.55
624,Beibei,CN,2022-07-26 14:07:13,29.8256,106.4339,87.93,72,20,5.01
625,Keta,GH,2022-07-26 14:07:13,5.9179,0.9879,78.53,80,100,15.84
626,Ishikari,JP,2022-07-26 14:07:14,43.2397,141.3539,71.26,86,100,1.66
627,Pereslavl-Zalesskiy,RU,2022-07-26 14:07:14,56.7393,38.8563,79.7,58,93,2.62
628,Dhenkanal,IN,2022-07-26 14:02:45,20.6667,85.6,81.81,79,58,7.65
629,Ust-Kan,RU,2022-07-26 14:07:15,50.9276,84.761,55.4,76,4,3.6
630,Lucea,JM,2022-07-26 14:07:15,18.451,-78.1736,85.86,69,84,9.89
631,Skjervoy,NO,2022-07-26 14:07:16,70.0311,20.9714,60.8,94,100,6.02
632,Kuytun,RU,2022-07-26 14:07:16,54.3419,101.5036,55.69,69,97,5.39
633,Koslan,RU,2022-07-26 14:07:16,63.4564,48.8989,70.14,31,8,3.91
634,Antofagasta,CL,2022-07-26 14:07:17,-23.65,-70.4,58.28,65,29,7.72
635,Sault Sainte Marie,CA,2022-07-26 14:06:40,46.5168,-84.3333,66.76,88,20,3.44
636,Sao Jose Da Coroa Grande,BR,2022-07-26 14:07:17,-8.8978,-35.1478,77.4,76,59,8.3
637,Lebedyn,UA,2022-07-26 14:07:18,50.5852,34.4849,72.16,68,96,9.53
638,Ilula,TZ,2022-07-26 14:07:18,-7.6766,36.0366,67.14,61,58,9.53
639,Rey Bouba,CM,2022-07-26 14:07:18,8.6724,14.1786,88.56,59,95,1.32
640,Nha Trang,VN,2022-07-26 14:07:19,12.25,109.1833,82.4,82,94,2.68
641,Snezhnogorsk,RU,2022-07-26 14:07:19,69.1933,33.2531,62.38,83,100,12.46
642,Madimba,TZ,2022-07-26 14:07:20,-10.4,40.3333,78.46,61,32,18.37
643,Valparaiso,CL,2022-07-26 14:06:35,-33.0393,-71.6273,57.43,76,40,5.75
644,Russkaya Polyana,UA,2022-07-26 14:07:20,49.417,31.9201,78.66,38,87,6.08
645,Mega,ET,2022-07-26 14:07:21,4.05,38.3,69.53,40,18,19.66
646,Barcelos,PT,2022-07-26 14:06:22,41.5388,-8.6151,84.92,45,0,13.15
647,Manthani,IN,2022-07-26 14:07:21,18.65,79.6667,77.36,94,100,7.05
648,Canton,CN,2022-07-26 14:06:25,23.1167,113.25,91.87,52,9,10.8
649,Laguna,US,2022-07-26 14:07:22,38.421,-121.4238,71.08,77,0,10.36
650,Lincoln,US,2022-07-26 14:03:45,40.8,-96.667,69.71,84,100,3.44
651,Novo Aripuana,BR,2022-07-26 14:08:22,-5.1206,-60.3797,91.35,37,14,3.18
652,Kadugannawa,LK,2022-07-26 14:08:23,7.2547,80.5242,70.81,94,100,1.03
653,Pedasi,PA,2022-07-26 14:08:23,7.5333,-80.0333,80.08,76,83,4.72
654,Novocheremshansk,RU,2022-07-26 14:08:24,54.3571,50.1666,78.66,57,52,2.35
655,Mumford,GH,2022-07-26 14:08:24,5.2618,-0.759,77.02,83,100,15.52
656,Sao Gabriel Da Cachoeira,BR,2022-07-26 14:08:24,-0.1303,-67.0892,81.52,77,25,2.19
657,Noumea,NC,2022-07-26 14:08:25,-22.2763,166.4572,60.78,74,0,7.61
658,Kapit,MY,2022-07-26 14:08:25,2.0167,112.9333,74.66,98,100,1.28
659,Pemangkat,ID,2022-07-26 14:08:26,1.1667,108.9667,79.54,82,100,4.83
660,Mahina,PF,2022-07-26 14:08:26,-17.5065,-149.489,73.17,83,75,12.66
661,Kaita,JP,2022-07-26 14:08:26,34.3667,132.55,83.75,88,2,3.8
662,Sosnovo-Ozerskoye,RU,2022-07-26 14:08:27,52.5249,111.5418,56.86,95,100,5.59
663,Bafq,IR,2022-07-26 14:08:27,31.6128,55.4107,103.6,20,100,25.05
664,Yumen,CN,2022-07-26 14:08:28,40.2833,97.2,82.63,9,80,10.58
665,Maketu,NZ,2022-07-26 14:08:28,-37.7667,176.45,56.75,96,100,20.22
666,Awjilah,LY,2022-07-26 14:08:28,29.1081,21.2869,102.09,11,1,11.32
667,Ndele,CF,2022-07-26 14:08:29,8.4109,20.6473,83.05,68,100,5.26
668,Chumikan,RU,2022-07-26 14:08:29,54.7183,135.315,52.99,94,81,3.91
669,Pemba,MZ,2022-07-26 14:08:30,-12.974,40.5178,77.7,78,20,16.11
670,Tacuarembo,UY,2022-07-26 14:08:30,-31.7333,-55.9833,72.0,74,28,10.58
671,High Level,CA,2022-07-26 14:08:30,58.5169,-117.136,60.31,67,29,3.56
672,Whitecourt,CA,2022-07-26 14:08:31,54.1502,-115.6855,58.87,77,77,2.89
673,Rapid Valley,US,2022-07-26 14:08:31,44.0625,-103.1463,68.05,78,40,17.27
674,Madison Heights,US,2022-07-26 14:07:39,42.4859,-83.1052,76.14,59,0,1.99
675,Miedzyrzecz,PL,2022-07-26 14:08:32,52.4446,15.578,77.07,45,100,7.9
676,Saint-Denis,FR,2022-07-26 14:08:32,48.9167,2.3333,74.93,49,100,9.22
677,Snasa,NO,2022-07-26 14:08:33,64.2457,12.3778,56.61,98,100,8.12
678,Moron,AR,2022-07-26 14:08:33,-34.6534,-58.6198,67.01,93,100,4.61
679,Igrim,RU,2022-07-26 14:08:33,63.1906,64.4162,65.14,42,66,7.87
680,Ahmadpur,IN,2022-07-26 14:08:34,18.7,76.9333,75.69,86,100,3.22
681,Ilhabela,BR,2022-07-26 14:08:34,-23.7781,-45.3581,72.97,72,2,3.24
682,Fuxin,CN,2022-07-26 14:08:35,42.0156,121.6589,71.71,81,1,4.92
